id;name;founded_date;branches;enabled;created_at
1;prout;2024-04-20T09:29:42;sitôt que terne cocorico;false;2024-04-20T06:39:23
2;boum;2024-04-19T19:04:39;raide isoler afin que;true;2024-04-20T04:55:00
3;aussitôt que durant pourvu que;2024-04-19T17:39:36;zzzz conseil d’administration ouah;false;2024-04-19T14:54:49
4;avant de autour;2024-04-19T16:31:27;minuscule voler;false;2024-04-20T08:33:11
5;au dépens de replacer;2024-04-19T14:03:02;rose vorace;false;2024-04-19T18:59:42
6;glouglou par;2024-04-19T14:57:35;sans de peur de au-delà;false;2024-04-19T15:03:22
7;tuer;2024-04-19T16:25:33;coin-coin de peur de innombrable;false;2024-04-20T05:08:25
8;au-devant vite au-dessus;2024-04-19T14:54:38;dès que;false;2024-04-20T10:20:56
9;gai;2024-04-19T15:14:15;varier comme quoique;true;2024-04-20T00:02:26
10;inquiéter;2024-04-19T22:48:32;assez arrêter gai;false;2024-04-20T07:40:42
