id;status;title;message;created_at
1;IN_PROGRESS;euh;jusque débile aux alentours de;2024-04-19T21:26:03
2;REJECTED;moins gestionnaire;guère comme glouglou;2024-04-20T07:15:21
3;PENDING;excuser;tant que contre volontiers;2024-04-19T23:51:04
4;IN_PROGRESS;concernant complètement;relier drelin;2024-04-20T02:52:20
5;REJECTED;diététiste quelquefois glouglou;snif ouah;2024-04-19T20:32:02
6;DONE;discuter broum;substituer ouf;2024-04-19T22:56:13
7;PENDING;accrocher;amorphe;2024-04-20T01:53:46
8;PENDING;assez croâ corps enseignant;mal sitôt que conseil d’administration;2024-04-20T01:16:32
9;PENDING;de crainte que désormais pour que;lors de guère;2024-04-20T09:04:45
10;DONE;aussitôt que plic commis de cuisine;de manière à ce que;2024-04-19T12:59:10
