id;title;message;readed;created_at
1;avant que dessus;de manière à ce que;false;2024-04-20T03:11:26
2;hé;quant à;false;2024-04-19T21:03:07
3;tandis que vlan;sitôt coin-coin bien que;true;2024-04-20T05:46:03
4;disposer absolument nommer;dès que;false;2024-04-20T04:39:52
5;assassiner;main-d’œuvre ah;false;2024-04-20T04:53:33
6;manier;triangulaire;false;2024-04-19T16:11:34
7;paf vibrer exprès;plic lâche;false;2024-04-19T14:34:30
8;d’autant que dans la mesure où guide;changer ouch;false;2024-04-20T05:21:31
9;loin de;proche de au-delà;false;2024-04-20T05:35:50
10;chasser bien que membre de l’équipe;perplexe;false;2024-04-19T15:46:54
